{
  "IcoMoonType": "selection",
  "icons": [
    {
      "icon": {
        "paths": [
          "M640 256h-512c-34.133 0-64 29.867-64 64v384c0 34.133 29.867 64 64 64h512c34.133 0 64-29.867 64-64v-384c0-34.133-29.867-64-64-64zM627.2 392.533l-226.133 140.8c-8.533 8.533-25.6 8.533-34.133 0l-226.133-140.8c-6.752-4.77-11.107-12.543-11.107-21.333 0-14.382 11.659-26.041 26.041-26.041 5.592 0 10.772 1.762 15.015 4.762l-0.082-0.055 213.333 128 213.333-128c4.162-2.945 9.342-4.707 14.933-4.707 14.382 0 26.041 11.659 26.041 26.041 0 8.79-4.355 16.563-11.026 21.279l-0.082 0.055z"
        ],
        "attrs": [],
        "width": 768,
        "isMulticolor": false,
        "isMulticolor2": false,
        "grid": 0,
        "tags": [
          "mail"
        ],
        "colorPermutations": {}
      },
      "attrs": [],
      "properties": {
        "order": 86,
        "id": 4,
        "name": "mail",
        "prevSize": 32
      },
      "setIdx": 0,
      "setId": 4,
      "iconIdx": 0
    },
    {
      "icon": {
        "paths": [
          "M384 512c70.692 0 128-57.308 128-128s-57.308-128-128-128v0c-70.692 0-128 57.308-128 128s57.308 128 128 128v0zM384 576c-85.333 0-256 42.667-256 128v34.133c0 17.067 12.8 29.867 34.133 29.867h443.733c21.333 0 34.133-12.8 34.133-34.133v-29.867c0-85.333-170.667-128-256-128z"
        ],
        "attrs": [
          {}
        ],
        "width": 768,
        "isMulticolor": false,
        "isMulticolor2": false,
        "grid": 0,
        "tags": [
          "person"
        ],
        "colorPermutations": {
          "15716418912552552551": [
            {}
          ]
        }
      },
      "attrs": [
        {}
      ],
      "properties": {
        "order": 87,
        "id": 3,
        "name": "person",
        "prevSize": 32
      },
      "setIdx": 0,
      "setId": 4,
      "iconIdx": 1
    },
    {
      "icon": {
        "paths": [
          "M627.2 593.067l-76.8-8.533c-21.333-4.267-38.4 0-51.2 17.067l-55.467 55.467c-85.333-42.667-162.133-115.2-204.8-204.8l55.467-55.467c17.067-12.8 21.333-34.133 21.333-51.2l-17.067-76.8c0-34.133-29.867-55.467-59.733-55.467h-46.933c-38.4 0-64 29.867-64 64 17.067 264.533 226.133 473.6 490.667 490.667 34.133 0 64-25.6 64-59.733v-55.467c0-29.867-21.333-55.467-55.467-59.733z"
        ],
        "attrs": [
          {}
        ],
        "width": 768,
        "isMulticolor": false,
        "isMulticolor2": false,
        "grid": 0,
        "tags": [
          "phone"
        ],
        "colorPermutations": {
          "15716418912552552551": [
            {}
          ]
        }
      },
      "attrs": [
        {}
      ],
      "properties": {
        "order": 88,
        "id": 2,
        "name": "phone",
        "prevSize": 32
      },
      "setIdx": 0,
      "setId": 4,
      "iconIdx": 2
    },
    {
      "icon": {
        "paths": [
          "M1024 85.333l-1024 482.133 328.533 98.133 503.467-392.533-384 426.667v238.933l183.467-179.2 234.667 72.533 157.867-746.667z"
        ],
        "attrs": [],
        "isMulticolor": false,
        "isMulticolor2": false,
        "grid": 0,
        "tags": [
          "subscribe"
        ],
        "colorPermutations": {}
      },
      "attrs": [],
      "properties": {
        "order": 89,
        "id": 1,
        "name": "subscribe",
        "prevSize": 32
      },
      "setIdx": 0,
      "setId": 4,
      "iconIdx": 3
    }
  ],
  "height": 1024,
  "preferences": {
    "showGlyphs": true,
    "showQuickUse": true,
    "showQuickUse2": true,
    "showSVGs": true,
    "fontPref": {
      "prefix": "icon-",
      "metadata": {
        "fontFamily": "icomoon"
      },
      "metrics": {
        "emSize": 1024,
        "baseline": 6.25,
        "whitespace": 50
      },
      "embed": false
    },
    "imagePref": {
      "prefix": "icon-",
      "png": false,
      "useClassSelector": true,
      "color": 0,
      "bgColor": 16777215,
      "classSelector": ".icon",
      "name": "icons",
      "height": 32,
      "columns": 16,
      "margin": 16
    },
    "historySize": 50,
    "showCodes": true,
    "gridSize": 16
  }
}